Crop_Year,Production
1997,851232906.0
1998,5825320640.4
1999,6434665985.1
2000,7449709127.1
2001,7465540840.27
2002,7696955162.64
2003,7917973504.73
2004,8189461694.86
2005,8043757329.74
2006,8681913123.78
2007,6879442338.58
2008,7717018402.16
2009,7660494024.809999
2010,6307608525.37
2011,14308904087.130001
2012,8171054746.03
2013,12903588632.880001
2014,8664540631.11
2015,6935064.7
